{
    "_vcs_DPI_package": [
        "_vcs_DPI_package",
        "uM9F1",
        "module",
        1
    ],
    "std": [
        "std",
        "reYIK",
        "module",
        2
    ],
    "tb_top": [
        "tb_top",
        "jdPWL",
        "module",
        3
    ],
    "perturbation_pkg": [
        "perturbation_pkg",
        "mtmE6",
        "module",
        4
    ],
    "cv32e40p_apu_core_pkg": [
        "cv32e40p_apu_core_pkg",
        "HJtZ3",
        "module",
        5
    ],
    "cv32e40p_pkg": [
        "cv32e40p_pkg",
        "Q941A",
        "module",
        6
    ],
    "cv32e40p_fpu_pkg": [
        "cv32e40p_fpu_pkg",
        "zHGeR",
        "module",
        7
    ],
    "cv32e40p_int_controller_0000": [
        "cv32e40p_int_controller_0000",
        "imEQ9",
        "module",
        8
    ],
    "cv32e40p_mult": [
        "cv32e40p_mult",
        "gpPHV",
        "module",
        9
    ],
    "cv32e40p_ex_stage_0000": [
        "cv32e40p_ex_stage_0000",
        "qLiJ2",
        "module",
        10
    ],
    "cv32e40p_load_store_unit_0000": [
        "cv32e40p_load_store_unit_0000",
        "UFELB",
        "module",
        11
    ],
    "cv32e40p_cs_registers_0000": [
        "cv32e40p_cs_registers_0000",
        "n7PTs",
        "module",
        12
    ],
    "fpnew_pkg": [
        "fpnew_pkg",
        "ZPW3s",
        "module",
        13
    ],
    "cf_math_pkg": [
        "cf_math_pkg",
        "N2nk1",
        "module",
        14
    ],
    "cv32e40p_random_interrupt_generator": [
        "cv32e40p_random_interrupt_generator",
        "DHHhF",
        "module",
        15
    ],
    "dp_ram": [
        "dp_ram",
        "L2vAm",
        "module",
        16
    ],
    "mm_ram": [
        "mm_ram",
        "e3nAx",
        "module",
        17
    ],
    "riscv_gnt_stall": [
        "riscv_gnt_stall",
        "S0u9z",
        "module",
        18
    ],
    "riscv_rvalid_stall": [
        "riscv_rvalid_stall",
        "FaEcu",
        "module",
        19
    ],
    "...MASTER...": [
        "SIM",
        "amcQw",
        "module",
        20
    ]
}